[
  {
    "value": "Accidental Deletion",
    "synonyms": [
      "Accidental Deletion",
      "accidentally",
      "mistakenly",
      "by error"
    ]
  },
  {
    "value": "Hardware Failure",
    "synonyms": [
      "Hardware Failure",
      "hardware failure",
      "failure"
    ]
  },
  {
    "value": "Software Corruption",
    "synonyms": [
      "Software Corruption",
      "corruption"
    ]
  },
  {
    "value": "Virus Infection",
    "synonyms": [
      "Virus Infection",
      "virus infection",
      "infected by maleware",
      "maleware"
    ]
  },
  {
    "value": "Physical Damage",
    "synonyms": [
      "Physical Damage",
      "physical damage",
      "damage"
    ]
  }
]