[
  {
    "value": "hard drive",
    "synonyms": [
      "Hard Drive",
      "harddrive",
      "hard drive",
      "hdd",
      "HDD",
      "hdds",
      "HDDs"
    ]
  },
  {
    "value": "SD Card",
    "synonyms": [
      "SD Card",
      "sdcard",
      "sd card"
    ]
  },
  {
    "value": "USB",
    "synonyms": [
      "USB",
      "usb",
      "Usb",
      "flash drive"
    ]
  },
  {
    "value": "camera",
    "synonyms": [
      "Camera",
      "camera"
    ]
  },
  {
    "value": "solid state drives",
    "synonyms": [
      "solid state drives",
      "solid-state drives",
      "SSDs",
      "SSD",
      "ssd",
      "Ssd",
      "solid-state-drives"
    ]
  },
  {
    "value": "laptop",
    "synonyms": [
      "Laptop",
      "laptop"
    ]
  },
  {
    "value": "desktop",
    "synonyms": [
      "Desktop",
      "desktop"
    ]
  },
  {
    "value": "mobile",
    "synonyms": [
      "mobile",
      "Mobile",
      "Phone",
      "phone"
    ]
  }
]