[
  {
    "id": "137fec0e-6414-4900-8e13-63f6cc054008",
    "data": [
      {
        "text": "how the data is lost?",
        "userDefined": false
      }
    ],
    "isTemplate": false,
    "count": 0,
    "lang": "en",
    "updated": 0
  },
  {
    "id": "a2ae14fd-9a97-4526-9991-44a9cd59ccc9",
    "data": [
      {
        "text": "what are the causes that led to data loss?",
        "userDefined": false
      }
    ],
    "isTemplate": false,
    "count": 0,
    "lang": "en",
    "updated": 0
  }
]