[
  {
    "id": "197232c2-3d47-4857-b918-23a373267735",
    "data": [
      {
        "text": "{",
        "userDefined": false
      },
      {
        "text": "fileType",
        "meta": "@FileType",
        "alias": "FileType",
        "userDefined": true
      },
      {
        "text": "}",
        "userDefined": false
      }
    ],
    "isTemplate": false,
    "count": 0,
    "lang": "en",
    "updated": 0
  },
  {
    "id": "c490e2cb-ae46-4803-950b-1d5fa744f49e",
    "data": [
      {
        "text": "i lost {",
        "userDefined": false
      },
      {
        "text": "fileType",
        "meta": "@FileType",
        "alias": "FileType",
        "userDefined": true
      },
      {
        "text": "}, i want to recover them",
        "userDefined": false
      }
    ],
    "isTemplate": false,
    "count": 1,
    "lang": "en",
    "updated": 0
  },
  {
    "id": "5954ca72-5209-467a-83e6-1d2c919b686b",
    "data": [
      {
        "text": "i want to recover {",
        "userDefined": false
      },
      {
        "text": "fileType",
        "meta": "@FileType",
        "alias": "FileType",
        "userDefined": true
      },
      {
        "text": "}",
        "userDefined": false
      }
    ],
    "isTemplate": false,
    "count": 0,
    "lang": "en",
    "updated": 0
  }
]