[
  {
    "id": "4c8b85b2-1819-4c59-94e1-a4cdff642441",
    "data": [
      {
        "text": "can you help me recovering my files?",
        "userDefined": false
      }
    ],
    "isTemplate": false,
    "count": 0,
    "lang": "en",
    "updated": 0
  },
  {
    "id": "7104c1e5-9ef0-46b9-beb1-b2f5e8bfb5f0",
    "data": [
      {
        "text": "my files are lost",
        "userDefined": false
      }
    ],
    "isTemplate": false,
    "count": 0,
    "lang": "en",
    "updated": 0
  },
  {
    "id": "bf7033eb-a595-43a0-b9f1-fa0691210bd0",
    "data": [
      {
        "text": "i lost my files",
        "userDefined": false
      }
    ],
    "isTemplate": false,
    "count": 0,
    "lang": "en",
    "updated": 0
  },
  {
    "id": "d91fa158-59b2-4e42-b5df-d2d6a4c74522",
    "data": [
      {
        "text": "i want to recover data",
        "userDefined": false
      }
    ],
    "isTemplate": false,
    "count": 0,
    "lang": "en",
    "updated": 0
  }
]