[
  {
    "id": "9510430f-eef2-41e6-b9dc-f5f3e365a366",
    "data": [
      {
        "text": "{",
        "userDefined": false
      },
      {
        "text": "operatingSystem",
        "meta": "@OperatingSystem",
        "alias": "OperatingSystem",
        "userDefined": true
      },
      {
        "text": "}",
        "userDefined": false
      }
    ],
    "isTemplate": false,
    "count": 0,
    "lang": "en",
    "updated": 0
  },
  {
    "id": "29f204cc-c55f-4375-be8a-b0eacd039959",
    "data": [
      {
        "text": "im working on {",
        "userDefined": false
      },
      {
        "text": "operatingSystem",
        "meta": "@OperatingSystem",
        "alias": "OperatingSystem",
        "userDefined": true
      },
      {
        "text": "}",
        "userDefined": false
      }
    ],
    "isTemplate": false,
    "count": 1,
    "lang": "en",
    "updated": 0
  },
  {
    "id": "c69b1779-479b-4618-9be6-8da598a08400",
    "data": [
      {
        "text": "im using {",
        "userDefined": false
      },
      {
        "text": "operatingSystem",
        "meta": "@OperatingSystem",
        "alias": "OperatingSystem",
        "userDefined": true
      },
      {
        "text": "}",
        "userDefined": false
      }
    ],
    "isTemplate": false,
    "count": 0,
    "lang": "en",
    "updated": 0
  },
  {
    "id": "10dd6d85-9d56-4d11-af05-de0d5d5ed03b",
    "data": [
      {
        "text": "it\u0027s a {",
        "userDefined": false
      },
      {
        "text": "operatingSystem",
        "meta": "@OperatingSystem",
        "alias": "OperatingSystem",
        "userDefined": true
      },
      {
        "text": "}",
        "userDefined": false
      }
    ],
    "isTemplate": false,
    "count": 0,
    "lang": "en",
    "updated": 0
  }
]