[
  {
    "id": "41d4c509-0ed5-4d3b-9ebd-43c2a0164343",
    "data": [
      {
        "text": "sorry ",
        "userDefined": false
      },
      {
        "text": "accidental deletion",
        "meta": "@DataLossCause",
        "alias": "DataLossCause",
        "userDefined": true
      }
    ],
    "isTemplate": false,
    "count": 0,
    "lang": "en",
    "updated": 0
  },
  {
    "id": "88e9cc22-c1dd-456e-8141-917941d35c50",
    "data": [
      {
        "text": "i meant ",
        "userDefined": false
      },
      {
        "text": "virus infection",
        "meta": "@DataLossCause",
        "alias": "DataLossCause",
        "userDefined": true
      }
    ],
    "isTemplate": false,
    "count": 0,
    "lang": "en",
    "updated": 0
  },
  {
    "id": "93de2647-7ea4-42f2-a4ec-89b7ed0786f3",
    "data": [
      {
        "text": "sorry, its a ",
        "userDefined": false
      },
      {
        "text": "human error",
        "meta": "@DataLossCause",
        "alias": "DataLossCause",
        "userDefined": true
      },
      {
        "text": " instead of ",
        "userDefined": false
      },
      {
        "text": "virus infection",
        "meta": "@DataLossCause",
        "alias": "DataLossCause",
        "userDefined": true
      }
    ],
    "isTemplate": false,
    "count": 0,
    "lang": "en",
    "updated": 0
  },
  {
    "id": "fcdd2131-a0c2-4ab6-96b9-2b98cb1d7872",
    "data": [
      {
        "text": "sorry, its ",
        "userDefined": false
      },
      {
        "text": "hardware damage",
        "meta": "@DataLossCause",
        "alias": "DataLossCause",
        "userDefined": true
      }
    ],
    "isTemplate": false,
    "count": 0,
    "lang": "en",
    "updated": 0
  },
  {
    "id": "d7863eec-8888-4aef-b08e-02febd9a8f44",
    "data": [
      {
        "text": "sorry i meant that i lost them ",
        "userDefined": false
      },
      {
        "text": "by error",
        "meta": "@DataLossCause",
        "alias": "DataLossCause",
        "userDefined": true
      }
    ],
    "isTemplate": false,
    "count": 0,
    "lang": "en",
    "updated": 0
  }
]