[
  {
    "id": "41a017da-5c3d-47c9-bf4c-f9a512ecabca",
    "data": [
      {
        "text": "desktop",
        "meta": "@DeviceType",
        "alias": "DeviceType",
        "userDefined": true
      }
    ],
    "isTemplate": false,
    "count": 0,
    "lang": "en",
    "updated": 0
  },
  {
    "id": "f9b056a5-c2fc-4bf6-bc83-fb38ee59aa92",
    "data": [
      {
        "text": "it\u0027s a ",
        "userDefined": false
      },
      {
        "text": "mobile",
        "meta": "@DeviceType",
        "alias": "DeviceType",
        "userDefined": true
      }
    ],
    "isTemplate": false,
    "count": 0,
    "lang": "en",
    "updated": 0
  },
  {
    "id": "32406179-b324-4a42-8b55-749c4c7c529d",
    "data": [
      {
        "text": "Hard Drives",
        "meta": "@DeviceType",
        "alias": "DeviceType",
        "userDefined": true
      }
    ],
    "isTemplate": false,
    "count": 0,
    "lang": "en",
    "updated": 0
  },
  {
    "id": "975b7e34-402d-48da-9199-850e2f87f192",
    "data": [
      {
        "text": "my device type is ",
        "userDefined": false
      },
      {
        "text": "USB",
        "meta": "@DeviceType",
        "alias": "DeviceType",
        "userDefined": true
      }
    ],
    "isTemplate": false,
    "count": 0,
    "lang": "en",
    "updated": 0
  },
  {
    "id": "5ad9832b-ffa5-4e8a-8dec-c7b318b62a40",
    "data": [
      {
        "text": "im using a ",
        "userDefined": false
      },
      {
        "text": "Camera",
        "meta": "@DeviceType",
        "alias": "DeviceType",
        "userDefined": true
      }
    ],
    "isTemplate": false,
    "count": 0,
    "lang": "en",
    "updated": 0
  },
  {
    "id": "85042123-9a71-49b8-93aa-10b7341ba3a6",
    "data": [
      {
        "text": "it is a ",
        "userDefined": false
      },
      {
        "text": "solid state drive",
        "meta": "@DeviceType",
        "alias": "DeviceType",
        "userDefined": true
      }
    ],
    "isTemplate": false,
    "count": 0,
    "lang": "en",
    "updated": 0
  }
]