[
  {
    "id": "5c244bf0-2fee-450d-8737-20b170bfcb3f",
    "data": [
      {
        "text": "sorry i meant ",
        "userDefined": false
      },
      {
        "text": "hard drive",
        "meta": "@DeviceType",
        "alias": "DeviceType",
        "userDefined": true
      }
    ],
    "isTemplate": false,
    "count": 0,
    "lang": "en",
    "updated": 0
  },
  {
    "id": "a2da3508-6262-49ee-a8d1-9a377b2d6535",
    "data": [
      {
        "text": "sorry ",
        "userDefined": false
      },
      {
        "text": "desktop",
        "meta": "@DeviceType",
        "alias": "DeviceType",
        "userDefined": true
      }
    ],
    "isTemplate": false,
    "count": 0,
    "lang": "en",
    "updated": 0
  },
  {
    "id": "c2f5a465-732f-484d-aa65-c661573dde8f",
    "data": [
      {
        "text": "sorry, its a ",
        "userDefined": false
      },
      {
        "text": "Camera",
        "meta": "@DeviceType",
        "alias": "DeviceType",
        "userDefined": true
      }
    ],
    "isTemplate": false,
    "count": 0,
    "lang": "en",
    "updated": 0
  },
  {
    "id": "69e9952e-cede-4be5-a1b8-0b26712698de",
    "data": [
      {
        "text": "i meant ",
        "userDefined": false
      },
      {
        "text": "solid state drive",
        "meta": "@DeviceType",
        "alias": "DeviceType",
        "userDefined": true
      },
      {
        "text": " instead of ",
        "userDefined": false
      },
      {
        "text": "usb",
        "meta": "@DeviceType",
        "alias": "DeviceType",
        "userDefined": true
      }
    ],
    "isTemplate": false,
    "count": 0,
    "lang": "en",
    "updated": 0
  },
  {
    "id": "753f9c93-2883-43a6-897e-244460a263c1",
    "data": [
      {
        "text": "sorry i meant ",
        "userDefined": false
      },
      {
        "text": "USB",
        "meta": "@DeviceType",
        "alias": "DeviceType",
        "userDefined": true
      }
    ],
    "isTemplate": false,
    "count": 0,
    "lang": "en",
    "updated": 0
  }
]