[
  {
    "id": "bc4e7f88-fabb-4f30-b2f7-7d1042dda2e3",
    "data": [
      {
        "text": "sorry ",
        "userDefined": false
      },
      {
        "text": "mac os",
        "meta": "@OperatingSystem",
        "alias": "OperatingSystem",
        "userDefined": true
      }
    ],
    "isTemplate": false,
    "count": 0,
    "lang": "en",
    "updated": 0
  },
  {
    "id": "bd8a54a6-c349-4407-b066-472d6299331f",
    "data": [
      {
        "text": "sorry ",
        "userDefined": false
      },
      {
        "text": "linux",
        "meta": "@OperatingSystem",
        "alias": "OperatingSystem",
        "userDefined": true
      }
    ],
    "isTemplate": false,
    "count": 0,
    "lang": "en",
    "updated": 0
  },
  {
    "id": "a9b97b88-0b25-41fe-8fa4-80c5a131ece3",
    "data": [
      {
        "text": "i meant ",
        "userDefined": false
      },
      {
        "text": "linux",
        "meta": "@OperatingSystem",
        "alias": "OperatingSystem",
        "userDefined": true
      },
      {
        "text": " instead of ",
        "userDefined": false
      },
      {
        "text": "windows",
        "meta": "@OperatingSystem",
        "alias": "OperatingSystem",
        "userDefined": true
      }
    ],
    "isTemplate": false,
    "count": 0,
    "lang": "en",
    "updated": 0
  },
  {
    "id": "1875b286-b1c8-4127-8c9f-b87446a38a37",
    "data": [
      {
        "text": "its ",
        "userDefined": false
      },
      {
        "text": "MacOs",
        "meta": "@OperatingSystem",
        "alias": "OperatingSystem",
        "userDefined": true
      }
    ],
    "isTemplate": false,
    "count": 0,
    "lang": "en",
    "updated": 0
  },
  {
    "id": "18c69b1a-b6ad-419d-b080-482464ea5015",
    "data": [
      {
        "text": "sorry i meant ",
        "userDefined": false
      },
      {
        "text": "iOS",
        "meta": "@OperatingSystem",
        "alias": "OperatingSystem",
        "userDefined": true
      }
    ],
    "isTemplate": false,
    "count": 0,
    "lang": "en",
    "updated": 0
  }
]