[
  {
    "id": "408d9288-698d-4527-9004-f52811f6c6a7",
    "data": [
      {
        "text": "the ",
        "userDefined": false
      },
      {
        "text": "accidental deletion",
        "meta": "@DataLossCause",
        "alias": "DataLossCause",
        "userDefined": true
      },
      {
        "text": " what makes me lose my data",
        "userDefined": false
      }
    ],
    "isTemplate": false,
    "count": 0,
    "lang": "en",
    "updated": 0
  },
  {
    "id": "161e3819-b295-472b-96f2-479272ca4a1a",
    "data": [
      {
        "text": "i lost my data through ",
        "userDefined": false
      },
      {
        "text": "virus infection",
        "meta": "@DataLossCause",
        "alias": "DataLossCause",
        "userDefined": true
      }
    ],
    "isTemplate": false,
    "count": 0,
    "lang": "en",
    "updated": 0
  },
  {
    "id": "046c99ea-1a36-4f8b-8e09-aec4cc3c6872",
    "data": [
      {
        "text": "mistakenly",
        "meta": "@DataLossCause",
        "alias": "DataLossCause",
        "userDefined": true
      }
    ],
    "isTemplate": false,
    "count": 0,
    "lang": "en",
    "updated": 0
  }
]