[
  {
    "id": "a6b44370-6cf8-4ed1-a444-2322ca9b7caf",
    "data": [
      {
        "text": "sorry ",
        "userDefined": false
      },
      {
        "text": "videos",
        "meta": "@FileType",
        "alias": "FileType",
        "userDefined": true
      }
    ],
    "isTemplate": false,
    "count": 0,
    "lang": "en",
    "updated": 0
  },
  {
    "id": "318679a1-ac2b-40b6-bc74-78f4faa19e4e",
    "data": [
      {
        "text": "i meant ",
        "userDefined": false
      },
      {
        "text": "photos",
        "meta": "@FileType",
        "alias": "FileType",
        "userDefined": true
      },
      {
        "text": " instead of ",
        "userDefined": false
      },
      {
        "text": "videos",
        "meta": "@FileType",
        "alias": "FileType",
        "userDefined": true
      }
    ],
    "isTemplate": false,
    "count": 0,
    "lang": "en",
    "updated": 0
  },
  {
    "id": "886574dc-f65a-4d57-bf70-15782379b33b",
    "data": [
      {
        "text": "sorry i meant ",
        "userDefined": false
      },
      {
        "text": "photos",
        "meta": "@FileType",
        "alias": "FileType",
        "userDefined": true
      }
    ],
    "isTemplate": false,
    "count": 0,
    "lang": "en",
    "updated": 0
  },
  {
    "id": "f5e92a19-24a8-471e-8bfd-195182c8da84",
    "data": [
      {
        "text": "i want to replace ",
        "userDefined": false
      },
      {
        "text": "photos",
        "meta": "@FileType",
        "alias": "FileType",
        "userDefined": true
      },
      {
        "text": " with ",
        "userDefined": false
      },
      {
        "text": "videos",
        "meta": "@FileType",
        "alias": "FileType",
        "userDefined": true
      }
    ],
    "isTemplate": false,
    "count": 0,
    "lang": "en",
    "updated": 0
  }
]