[
  {
    "id": "b47b417c-5a4b-4695-a035-a2f1a80c99e9",
    "data": [
      {
        "text": "what kind of os can i perform data recovery?",
        "userDefined": false
      }
    ],
    "isTemplate": false,
    "count": 0,
    "lang": "en",
    "updated": 0
  },
  {
    "id": "bbdfe06a-fc0a-4ef4-9236-d957e68a372e",
    "data": [
      {
        "text": "on what operating systems do you provide your services?",
        "userDefined": false
      }
    ],
    "isTemplate": false,
    "count": 0,
    "lang": "en",
    "updated": 0
  },
  {
    "id": "2c317fb0-34de-497a-843f-6524057d7b06",
    "data": [
      {
        "text": "what are the operating systems that you support?",
        "userDefined": false
      }
    ],
    "isTemplate": false,
    "count": 0,
    "lang": "en",
    "updated": 0
  }
]