[
  {
    "id": "887b5514-01f3-4ec4-978d-d95dc8ec5dd8",
    "data": [
      {
        "text": "do you support {",
        "userDefined": false
      },
      {
        "text": "fileType",
        "meta": "@FileType",
        "alias": "FileType",
        "userDefined": true
      },
      {
        "text": "} recovery?",
        "userDefined": false
      }
    ],
    "isTemplate": false,
    "count": 0,
    "lang": "en",
    "updated": 0
  },
  {
    "id": "a21d508b-fc29-441d-a096-d3f814274f2f",
    "data": [
      {
        "text": "what kind of files can i process through you?",
        "userDefined": false
      }
    ],
    "isTemplate": false,
    "count": 0,
    "lang": "en",
    "updated": 0
  },
  {
    "id": "c61b02fa-7baf-42cf-ae47-721175e94384",
    "data": [
      {
        "text": "what are the file types that could be processed by you?",
        "userDefined": false
      }
    ],
    "isTemplate": false,
    "count": 0,
    "lang": "en",
    "updated": 0
  },
  {
    "id": "5c2baf71-86af-4082-8a8d-e75be3a8a6b3",
    "data": [
      {
        "text": "what kind of files are there that you support?",
        "userDefined": true
      }
    ],
    "isTemplate": false,
    "count": 0,
    "lang": "en",
    "updated": 0
  }
]