[
  {
    "id": "ef74e367-2d16-45de-a24d-d36291b87374",
    "data": [
      {
        "text": "Do you support data recovery for {",
        "userDefined": false
      },
      {
        "text": "DeviceType",
        "meta": "@DeviceType",
        "alias": "DeviceType",
        "userDefined": true
      },
      {
        "text": "}?",
        "userDefined": false
      }
    ],
    "isTemplate": false,
    "count": 0,
    "lang": "en",
    "updated": 0
  },
  {
    "id": "d88aca3f-0324-4a55-8f67-f1980e2270b6",
    "data": [
      {
        "text": "what kind of devices do you support?",
        "userDefined": false
      }
    ],
    "isTemplate": false,
    "count": 0,
    "lang": "en",
    "updated": 0
  },
  {
    "id": "3c066ec3-86e2-4a64-b824-e953c99828d2",
    "data": [
      {
        "text": "Do you support data recovery for {",
        "userDefined": false
      },
      {
        "text": "Device Type",
        "meta": "@DeviceType",
        "alias": "DeviceType",
        "userDefined": true
      },
      {
        "text": "}?",
        "userDefined": false
      }
    ],
    "isTemplate": false,
    "count": 0,
    "lang": "en",
    "updated": 0
  },
  {
    "id": "096186be-be08-48de-8601-256c0afdd6b8",
    "data": [
      {
        "text": "Which devices are supported for data recovery?",
        "userDefined": false
      }
    ],
    "isTemplate": false,
    "count": 0,
    "lang": "en",
    "updated": 0
  }
]